genre,lang,query,long_results,distinct_channels,median_views_long,p75_views_long,results_over_1M,median_subs_ranking,channel_long_median,small_channel_results,small_channel_median_views,rpm_est,usd_typical_film,usd_ranked_film,usd_hit_film,opportunity
drama,en,drama full movie,37,32,1192897,3427417,19,24950,44300,6,341062,3.83,169,4563,13110,1903.5
family,en,family full movie,37,28,918707,1800951,18,98250,16500,5,410035,4.4,73,4041,7922,1350.5
crime,en,crime full movie,38,32,1259938,2100130,22,323000,18000,3,672042,3.25,59,4096,6828,1167.3
action,en,action full movie,38,26,1000697,1819382,19,176900,18000,4,1461811,3.44,62,3445,6263,1060.7
comedy,en,comedy full movie,37,30,785876,2291666,14,81750,7375,6,499994,3.83,28,3006,8766,1032.1
romance,en,romance full movie,37,27,631598,1239299,13,30650,12650,6,206922,3.83,48,2416,4740,971.6
faith,en,christian full movie,36,22,665792,2331706,13,126700,20725,6,787113,4.21,87,2801,9811,902.8
faith,es,película cristiana completa en español,38,27,1300080,2441155,23,30500,126750,5,2441155,1.47,187,1913,3593,770.2
action,es,película de acción completa en español,40,35,1297834,3575656,21,14300,55000,7,927129,1.2,66,1563,4306,725.1
comedy,es,película de comedia completa en español,40,32,1335868,3897458,23,34450,226750,8,1091418,1.34,303,1787,5215,704.5
thriller,en,thriller full movie,38,30,693209,1600064,16,256500,8100,2,263621,3.44,28,2386,5508,700.0
comedy,ja,コメディ映画 フル,37,32,229822,363074,3,1056,110250,7,134136,3.1,342,713,1127,696.9
comedy,pt,filme de comédia completo dublado,40,38,1267617,2327107,25,5450,4300,8,1125043,0.95,4,1209,2220,696.4
lifetime,ja,実話 映画 フル,25,22,390827,1107849,7,10625,70000,7,296474,3.1,217,1213,3439,598.7
action,pt,filme de ação completo dublado,40,34,1170863,2203318,22,7560,32500,8,1102691,0.86,28,1005,1892,535.2
family,es,película familiar completa en español,40,27,958361,4378678,20,110500,92750,3,450255,1.54,143,1475,6737,484.5
scifi,en,sci-fi full movie,38,33,366304,1170031,12,84350,25250,5,227093,3.83,97,1401,4475,478.8
romance,es,película romántica completa en español,40,30,1154943,2040821,22,182850,214500,4,1203267,1.34,287,1545,2731,473.7
mystery,en,mystery full movie,38,32,373053,835589,8,181500,20000,4,336571,3.83,76,1427,3196,437.9
faith,pt,filme gospel completo dublado,40,35,910192,1824844,18,17900,17382,6,1057737,1.05,18,955,1915,424.0
lifetime,en,lifetime movie full,40,5,361933,1344167,11,239000,28000,4,776365,3.83,107,1384,5141,409.8
scifi,ja,SF映画 フル,29,24,276435,667286,6,13400,29750,7,129158,3.1,92,858,2071,403.4
horror,es,película de terror completa en español,40,32,876843,2531438,18,30600,28000,6,1315245,1.14,32,997,2879,401.2
mystery,es,película de misterio completa en español,40,36,715578,1932831,15,60000,38750,7,1286896,1.34,52,957,2586,344.6
mystery,ja,ミステリー映画 フル,35,32,128012,296428,4,1450,35500,9,92705,3.1,110,397,920,342.1
horror,en,horror full movie,38,26,342656,1635782,14,226500,13400,7,85787,3.25,44,1114,5318,332.1
thriller,es,película de suspenso completa en español,40,22,738952,2299076,17,75150,107000,5,551154,1.2,129,890,2769,309.4
crime,es,película policial completa en español,40,33,917441,1849379,18,266500,24750,2,552488,1.14,28,1043,2103,304.6
lifetime,es,película basada en hechos reales completa,40,29,662885,3757984,17,115500,48750,3,641781,1.34,65,887,5028,289.6
action,ja,アクション映画 フル,37,21,129327,276435,1,1780,18000,18,109667,2.79,50,361,772,288.9
family,pt,filme de família completo dublado,40,31,766809,1802026,15,95450,11250,4,1269799,1.1,12,841,1977,282.3
romance,pt,filme de romance completo dublado,40,25,622646,1221973,12,16250,142500,7,999442,0.95,136,594,1166,268.7
drama,ja,ドラマ映画 フル,40,33,85027,151231,0,1265,17137,8,113874,3.1,53,264,469,239.5
scifi,es,película de ciencia ficción completa en español,40,33,496550,1272858,11,61700,16750,7,149988,1.34,22,664,1703,238.1
drama,es,película de drama completa en español,40,30,531682,1468175,12,162000,39250,5,1887509,1.34,53,711,1964,221.7
thriller,ja,サスペンス映画 フル,40,34,85616,157079,1,1335,2733,10,90850,2.79,8,239,439,212.5
lifetime,pt,filme baseado em fatos reais completo dublado,40,30,646464,1300656,15,90350,19750,4,614113,0.95,19,617,1241,208.6
horror,ja,ホラー映画 フル,31,28,136489,515847,6,8940,117000,6,379741,2.64,309,360,1361,184.5
romance,ja,恋愛映画 フル,40,24,59592,135018,1,1120,3200,13,49967,3.1,10,185,419,176.3
crime,pt,filme policial completo dublado,40,31,514056,1141732,10,36610,32500,8,275999,0.81,26,417,926,162.6
drama,pt,filme de drama completo dublado,40,21,495987,867840,8,137500,82250,4,363659,0.95,78,473,828,150.8
mystery,pt,filme de mistério completo dublado,40,22,409286,767072,4,121500,61250,10,94225,0.95,58,390,732,126.6
thriller,pt,filme de suspense completo dublado,40,23,434264,871186,8,124500,93750,4,66255,0.86,80,373,748,120.5
scifi,pt,filme de ficção científica completo dublado,38,28,317527,859703,7,59300,56250,5,187850,0.95,54,303,820,109.2
family,ja,家族映画 フル,36,27,33058,168244,1,1290,5800,8,91011,3.57,21,118,601,106.3
horror,pt,filme de terror completo dublado,40,30,272876,1112030,12,70050,33250,4,1082701,0.81,27,221,902,77.8
faith,ja,キリスト教 映画 フル,34,20,19991,124024,2,7395,8600,6,31387,3.41,29,68,423,36.5
crime,ja,犯罪映画 フル,32,26,4657,40034,0,3000,2875,9,4417,2.64,8,12,106,8.3
