country,film,channel_lang,genre,median_views,rpm_est,usd_per_film
UK,The Selfish Giant (2013),en,drama,1192897,3.83,4569
AU,Red Dog (2011),en,family,918707,4.4,4042
NO,Bølgen (2015),en,action,1000697,3.45,3452
US,Let's Go to Prison (2006),en,comedy,785876,3.83,3010
DK,Klovn: The Movie (2010),en,comedy,785876,3.83,3010
DK,De grønne slagtere (2003),en,comedy,785876,3.83,3010
US,Indivisible (2018),en,faith,665792,4.21,2803
US,Woodlawn (2015),en,faith,665792,4.21,2803
US,The Least of These (2019),en,faith,665792,4.21,2803
US,The Decoy Bride (2011),en,romance,631598,3.83,2419
UK,Their Finest (2016),en,romance,631598,3.83,2419
AU,Top End Wedding (2019),en,romance,631598,3.83,2419
NL,Bankier van het Verzet (2018),nl,drama,606763,3.8,2306
MX,Cristiada (2012),es,faith,1300080,1.47,1911
NL,Huisvrouwen bestaan niet (2017),nl,comedy,477803,3.8,1816
AR,Mi obra maestra (2018),es,comedy,1335868,1.34,1790
AR,Un cuento chino (2011),es,comedy,1335868,1.34,1790
ES,"Señor, dame paciencia (2017)",es,comedy,1335868,1.34,1790
MX,Miss Bala (2011),es,action,1297834,1.21,1570
ES,Ahora o nunca (2015),es,romance,1154943,1.34,1548
SE,Monica Z (2013),sv,drama,376650,4.0,1507
SE,Sameblod (2016),sv,drama,376650,4.0,1507
SE,Ondskan (2003),sv,drama,376650,4.0,1507
US,Brian Banks (2018),en,lifetime,361933,3.83,1386
NO,Den 12. mann (2017),en,lifetime,361933,3.83,1386
NO,Kongens nei (2016),en,lifetime,361933,3.83,1386
DK,Under sandet (2015),en,lifetime,361933,3.83,1386
DK,Flammen & Citronen (2008),en,lifetime,361933,3.83,1386
DE,Wochenendrebellen (2023),de,true_story,353996,3.9,1381
JP,事故物件 恐い間取り (2020),ja,lifetime,390827,3.1,1212
US,The Blackcoat's Daughter (2015),en,horror,342656,3.26,1117
US,Lake Mungo (2008),en,horror,342656,3.26,1117
UK,Severance (2006),en,horror,342656,3.26,1117
AU,The Loved Ones (2009),en,horror,342656,3.26,1117
MX,Heli (2013),es,crime,917441,1.14,1046
AR,El Ángel (2018),es,crime,917441,1.14,1046
MX,Vuelven (2017),es,horror,876843,1.14,1000
AR,Cuando acecha la maldad (2023),es,horror,876843,1.14,1000
ES,Frágiles (2005),es,horror,876843,1.14,1000
BR,Carcereiros: O Filme (2019),pt,action,1170863,0.85,995
BR,Aparecida: O Milagre (2010),pt,faith,910192,1.04,947
BR,Divaldo: O Mensageiro da Paz (2019),pt,faith,910192,1.04,947
MX,Desierto (2015),es,thriller,738952,1.21,894
ES,El Bar (2017),es,thriller,738952,1.21,894
ES,El desconocido (2015),es,thriller,738952,1.21,894
ES,Cuando los ángeles duermen (2018),es,thriller,738952,1.21,894
SE,Snabba Cash (2010),sv,thriller,222732,3.6,802
DE,Der Vorname (2018),de,comedy,196039,3.9,765
FR,Un homme à la hauteur (2016),fr,comedy,280779,2.5,702
FR,Mon Roi (2015),fr,romance,259535,2.5,649
DE,SMS für Dich (2016),de,romance,153555,3.9,599
NL,Sint (2010),nl,horror,164654,3.23,532
FR,Patients (2016),fr,drama,209950,2.5,525
DE,Ostwind (2013),de,family,102724,4.48,460
DK,Kollektivet (2016),da,drama,95081,4.5,428
JP,残穢 Zan'e (2015),ja,mystery,128012,3.1,397
JP,クロユリ団地 (2013),ja,horror,136489,2.63,359
JP,樹海村 (2021),ja,horror,136489,2.63,359
JP,劇場霊 (2015),ja,horror,136489,2.63,359
JP,コワすぎ! (2012),ja,horror,136489,2.63,359
DE,Nur Gott kann mich richten (2017),de,crime,105965,3.31,351
DE,Die Päpstin (2009),de,history,88909,3.9,347
DE,Abgeschnitten (2018),de,thriller,92463,3.51,325
FR,Ils (2006),fr,horror,102522,2.12,217
DE,"Ich seh, ich seh (2014)",de,horror,41781,3.31,138
DE,Hagazussa (2017),de,horror,41781,3.31,138
DE,Der Nachtmahr (2015),de,horror,41781,3.31,138
