film,country,copies,channels,total_views,max_views,top_channels
Air Bud (1997),US,18,3,93569208,21772543,"Air Bud TV (21,772,543); Air Bud TV (17,403,465); Air Bud TV (14,722,577); Air Bud TV (8,394,065); Air Bud TV (6,184,778)"
Undisputed III (2010),US,7,7,56229791,55102759,"Prime Time - MOVIES (55,102,759); Krisforik (536,689); clip mania (353,695); film world.... (228,669); AKHILESHSINGH YADAV (7,199)"
Der Untergang (2004),DE,34,33,29744159,24251996,"Best Documentary (24,251,996); Best Documentary (1,179,294); Conhecendo a História! (941,924); ErichFilms (708,866); Félix Rodríguez Sanjurjo (656,503)"
Até que a Sorte nos Separe (2012),BR,11,11,26320330,21653954,"Carlos Alberto Soares Junior (21,653,954); Fred Produções (2,398,706); Welington Alves (1,425,658); My Word (382,889); Ralph Darrow (282,165)"
Cidade de Deus (2002),BR,18,16,26319826,22062750,"MáKina Cultural (22,062,750); O Despertar da Luz Interior  (1,564,320); JOSÉ LIMA  and JOSÉ LIMA 2.0 (708,920); Cuñados (629,166); djnewbreed1 (307,691)"
Two by Two (2015),DE,3,3,25458980,25445264,"Детский Клуб™ (25,445,264); ABID YT (8,311); FILM KARTUN ID (5,405)"
War Room (2015),US,15,14,25369724,8882365,"Deep C Digital (8,882,365); Deep C Digital (6,981,062); La Gloria de Dios (5,439,493); Bate papo gospel (1,749,706); A Hora do Versículo (818,226)"
Otra Película de Huevos y un Pollo (2009),MX,10,9,22854626,14769141,"Jesús david (14,769,141); Meteorite Entertainment (8,023,021); Meteorite Entertainment (23,105); Cristian Ruiz (19,772); DVD en español latino (11,074)"
Big Stan (2007),US,12,12,21383708,14341716,"The Midnight Screening (14,341,716); Noite de Filmes (5,623,524); Góc Chia Sẻ (605,367); หนังเก่าเก็บ (471,056); Chris “Showy” Dua (234,257)"
Una Película de Huevos (2006),MX,9,8,20824963,16845409,"WillXCorona (16,845,409); Meteorite Entertainment (2,956,814); SoyAlanWey (570,916); Henry Love Rap (417,101); Meteorite Entertainment (23,605)"
Bilal: A New Breed of Hero (2015),AE,26,24,20365680,6002187,"Movie World (6,002,187); أفلام تركية مدبلجة للعربية - Turkish Movies (5,926,246); Family Central (4,359,964); Turkish Drama - عالم الأفلام العربية (1,657,134); Yaqeen Institute (553,133)"
Chico Xavier (2010),BR,25,22,16037189,10458991,"Círculo Escola (10,458,991); La Vida Continua (2,349,258); Círculo Escola (1,281,485); Exu meu Guardiao oficial (368,284); Espiritualidade em Cenas (290,174)"
Green Street (2005),UK,25,25,16015498,4964905,"Dan Mitchell (4,964,905); Irvan Kurniawan (2,874,580); Darkmoon Film (2,760,107); Mobbi Movies German (MMG) (1,218,366); jordan syms (1,071,804)"
New World (2013),KR,2,2,13997651,13997014,"EncourageTV (13,997,014); TIMES & SIGNS 2 (637)"
The Choice (2016),US,2,2,11855660,11855654,"FRONTLINE PBS | Official (11,855,654); Tim B (6)"
The Stolen Princess (2018),UA,6,6,11842460,11479731,"Janson TV - Free Movies & Shows (11,479,731); TP Ceylon Cinema (348,277); Movie Meltor (10,626); Free Reels (2,255); Watch Epic  (787)"
Toc Toc (2017),ES,11,11,11785463,9711046,"Masha e o Urso (9,711,046); Jensen Production (1,048,917); David Mori (777,793); CEA Televisa (94,129); Humanoias (78,546)"
Hachi: A Dog's Tale (2009),US,12,12,11243625,10783096,"Un Poco De Esto Y Aquello (10,783,096); Miguel Cárdenas (276,149); BumBleBee V2 React (79,269); review_4u (38,549); Ezequiel Mascareño (21,902)"
Heaven Is for Real (2014),US,13,13,9571825,3848685,"ARELI CUEVAS (3,848,685); Tony and Riz Channel (2,557,968); IASD Nova Iguaçu (1,827,063); Miguel Zen (553,647); Mark Anthony Kho Duran (427,958)"
Minha Mãe é uma Peça (2013),BR,20,18,9135611,3757617,"De Tudo Um Pouco (3,757,617); Alice Vilela (3,616,959); Fuseteam ꧂ (358,569); Filmelier TV BR and 3 more (290,259); CONFIRA! 😏 (288,225)"
A Walk to Remember (2002),US,26,26,8597946,2852152,"Robson Venancio Alves Brasil (TJS) (2,852,152); Películas 09 (1,811,822); Bruno S Ferreira (1,563,806); ForeverWeirD (545,834); Rannyle (323,223)"
La Vendedora de Rosas (1998),CO,8,8,8454964,3463152,"Alvaro David Guarin Mesa.Girardota. (3,463,152); Peliculas HD (3,427,528); SERVICIO TECNICO RUBEN GOMEZ (760,076); Daniel Cast (352,508); La Vendedora De Rosas (281,433)"
O Auto da Compadecida (2000),BR,30,30,7697271,3881130,"Pedro Almeida (3,881,130); Cristian Emannuel (3,115,715); Instituto Jesus de Nazaré (224,909); kalel ricardo (174,465); B006 CANAIS (114,495)"
Hasta el viento tiene miedo (1968),MX,11,11,7612521,6782978,"Tele N (6,782,978); NECRO TERROR (366,794); Somos Tres (267,919); van (154,452); Daniel Asencio 94 (20,583)"
Tropa de Elite (2007),BR,17,17,7488992,5986189,"werick vlogs (5,986,189); Film Examination (639,038); TASSIN YT (266,450); Mídia carretas  (157,729); MáKina Cultural (131,543)"
Assalto ao Banco Central (2011),BR,6,6,7068654,5489424,"Jaime Vianna's Channel (5,489,424); Garage Filmes (1,446,613); Thomas Parker (82,086); PrintLab (42,903); Cris Micheloni (7,503)"
Tropa de Elite 2 (2010),BR,10,10,6716319,5986189,"werick vlogs (5,986,189); TASSIN YT (266,450); Mídia carretas  (157,729); Marcos Fernandes Santos (107,622); Juan Moraes (90,491)"
Eight Below (2006),US,11,11,6681230,3381035,"CINE HD TOTAL (3,381,035); Susannah Serena (2,201,762); Мои прекрасные хаски (857,359); Uzenildo Mandú (132,629); Fabiana Ayelen Luna (56,342)"
El Orfanato (2007),ES,24,23,6642951,4679235,"Tio Zeto (4,679,235); Cristina Franco (494,802); Movie Central (441,483); DramaMía (242,498); gabriel david (144,641)"
Carandiru (2003),BR,8,8,5540405,2089371,"Sem Registro (2,089,371); Evandro Candeu (1,950,028); Iconografia da História (1,206,272); Ensinamento Club (263,632); Pesadelos de uma Pessoa Qualquer (13,119)"
Lisbela e o Prisioneiro (2003),BR,17,17,5471376,2829269,"Marcos Souza (2,829,269); junior santos (2,408,809); Pobreflix (92,435); Investindo certo (58,630); Cristiane (35,779)"
Se Eu Fosse Você 2 (2009),BR,8,8,4648287,3754160,"João (3,754,160); Thais Coppio Terapias (746,862); Pedro Erick (102,630); Tudo HD (26,397); Elaine Filmes (16,453)"
Blood and Bone (2009),US,6,6,4589689,2105490,"delphine dewilde (2,105,490); КИНОХАБ (1,898,826); D_net (458,098); Mikail Noah Jr. (84,728); FILMS_fr (36,573)"
Courageous (2011),US,11,11,4447594,3208654,"Christian Movies (3,208,654); EncourageTV (331,016); Tiempo De Milagros (303,127); Pastor Paulo Sardi (289,109); Cinema-emCasa (156,968)"
Asu Mare (2013),PE,11,11,4445006,1255333,"Hangt M (1,255,333); No Somos TV (1,120,123); cinescape (803,268); BastianGG (503,098); Aqui En Perú GAAAA (352,454)"
I Can Only Imagine (2018),US,12,12,4170440,2305544,"pelis cristianas hd (2,305,544); Iglesia Adventista Central Haina I (928,361); Christian Media content (449,349); 1PUNTO DIFERENTE (279,254); Marnel Debeer (164,246)"
2 Filhos de Francisco (2005),BR,11,11,4061361,3655636,"Totalcine Plus (3,655,636); Cinema em Cena (295,779); Conteúdos Diversos (44,265); Dilsinho Sousa😋😸 (34,373); Márcio Camargo  (11,872)"
Qué culpa tiene el niño (2016),MX,11,11,3889854,1443191,"Isabel Caceres (1,443,191); Krlos Rguez😎 (834,013); Lee Eun Joon (440,318); Mich_11 (417,528); Oliver Hernandez (417,108)"
Detetives do Prédio Azul (2017),BR,6,5,3734930,2820892,"Mundo Gloob (2,820,892); Caroline correia pereira (676,938); Thiago filmes e vídeos (217,931); Everton Araujo (10,990); Caroline correia pereira (8,015)"
Les Choristes (2004),FR,10,10,3611810,3186324,"Marilú Magaña Casas (3,186,324); Camila R. (198,689); Danilo (169,206); filmyy bhaiya Review (36,145); Maison du Ciné (12,662)"
Contratiempo (2016),ES,15,14,3551408,2005706,"CHIZZYFLIX (2,005,706); Milena Leonardo (1,217,240); Ju Corrêa (218,700); DANIEL DEPP REEVES 🤘🎸 POETA GRUNGE (34,161); YMS Watch-Alongs (24,234)"
12 Rounds (2009),US,30,27,3404047,985846,"NostalgiaMania - Wrestling (985,846); NostalgiaMania - Wrestling (790,316); NostalgiaMania - Wrestling (561,097); NostalgiaMania - Wrestling (379,811); Film Plus Action (281,762)"
A Dog's Purpose (2017),US,4,4,3068397,2333788,"heroen play (2,333,788); Antigueira Cine (718,137); Paladino Comum (11,860); Fundación Cultural y Artística Hojarasca (4,612)"
The Ultimate Gift (2006),US,9,9,2987279,1696305,"Rodrigo Cardoso Spies (1,696,305); Film&Clips (678,825); Silvio Torezin (279,036); CiNENET Deutschland and Glaubensfilme - Licht. Liebe. Zuversicht. (209,880); Canal Vídeos Reais (107,071)"
La Leyenda de la Nahuala (2007),MX,5,5,2824687,2699842,"MAGIA (2,699,842); pelicula de animacion en (123,881); Al Aire (712); RCX (151); Pachekillo-Lol (101)"
No se Aceptan Devoluciones (2013),MX,16,14,2814176,2459183,"Eugenio Derbez (2,459,183); CINEMOVIE (178,986); jorge tejada (91,596); elTito (62,489); Coffee Drama (13,087)"
The Boy in the Striped Pyjamas (2008),UK,10,10,2810652,2693154,"Marc Navarro 507 (2,693,154); Daniel e Sabrina (84,557); Superb_review (20,136); evilasio dos vídeos (5,334); Grupo Unificado de Audiolivros (3,833)"
Nosso Lar (2010),BR,25,25,2790627,758324,"O Espírita (758,324); Sons Das Estrelas (747,894); maxim52 (449,604); Exu meu Guardiao oficial (368,284); Life Beyond Death (155,650)"
Meu Nome Não é Johnny (2008),BR,10,10,2759488,1995719,"BigIspectrus (1,995,719); Marcos Souza (458,675); Jain Barbara 1832 (239,654); Fs_Filmes e Series_Fs (56,670); bobthedonbill (4,650)"
Fireproof (2008),US,6,6,2722402,2542665,"Sule2w (2,542,665); A Hora do Versículo (112,470); Noah Lugeons (38,618); Irmão Pedro (15,500); Superb_review (9,945)"
Se Eu Fosse Você (2006),BR,8,8,2681210,1897028,"Gabriel (1,897,028); Thais Coppio Terapias (746,862); Elaine Filmes (16,453); Ana a Abelha (7,970); Jerffito (7,643)"
Fack ju Göhte (2013),DE,2,2,2671239,2667720,"Constantin Film (2,667,720); futctmanka futcman (3,519)"
Wolf Creek (2005),AU,16,14,2646837,490754,"Korku & Gerilim Filmleri (490,754); Western Bound (474,406); thunderyclass9 (383,897); Abderrahim Tv Pro  (300,919); N 2k (243,184)"
La jaula de oro (2013),MX,5,5,2542285,2232825,"Juan Carlos Chapa (2,232,825); ClauSalSol (296,437); CineNT.com (6,524); DIVISIÓN DE ESTUDIOS DE POSGRADO DE DERECHO (6,497); Enrique Figueroa MX (2)"
Facing the Giants (2006),US,10,10,2483772,882125,"alvaro souza (882,125); Kak Surjadi Sunarko (Kak Sur) (786,606); Cương Trần Đức (Johnny) (377,571); Mozart Carneiro (192,377); Jane//Chery3 (187,479)"
Miracle in Cell No. 7 (2013),KR,7,7,2439484,1584650,"VIVA Films (1,584,650); Global Tech Update (834,471); Ella Reacts (16,529); Everything & Anything (3,817); Queen (6)"
Haute Tension (2003),FR,16,10,2253661,1808057,"Cinéma Cinémas (1,808,057); Emmanuel (137,270); Alta Tensão (74,746); Straight Chilling (53,835); African BoxOffice Tv (43,213)"
Eden Lake (2008),UK,15,15,2205323,829403,"World of Entertainment (829,403); isaacvcf91 (384,959); Elías Macías (276,581); Neto Santos (201,226); William Foltz (180,584)"
Wyrmwood (2014),AU,9,9,2155410,1712751,"Dede Bonbon (1,712,751); Fathuddin Malek (428,955); Visuals Galaxy  (6,746); febri ari sandi (4,161); Neighborhood Watch Podcast (1,032)"
Exit (2019),KR,3,2,2125403,1768589,"EXIT Festival (1,768,589); EXIT Festival (353,564); Freebie Movies (3,250)"
The Longest Ride (2015),US,3,3,1857560,1802069,"fds5678 (1,802,069); Sniper01 Hit Movies (55,461); Past The Popcorn (30)"
Kickboxer: Vengeance (2016),US,5,5,1770465,913672,"what u want (913,672); Albert Odunaiya (805,212); Zahoor ahmed (45,576); Tela Completa (5,983); IT'S A WRAP (22)"
Cine Holliúdy (2012),BR,4,4,1755923,1008039,"IDEAL FILMES HD (1,008,039); Filmes e Séries. (725,798); Edvanio (20,859); Marcos Emanuel (1,227)"
Dead Man's Shoes (2004),UK,5,5,1723439,1723062,"Maple Indie Media (1,723,062); Track_Review (158); Superb_review (104); These.Are.The.Films. (91); LIW Studios Live Streams (24)"
Ribbit (2014),MY,1,1,1712656,1712656,"SNA 1331 (1,712,656)"
Turma da Mônica: Laços (2019),BR,9,9,1705530,1476461,"Brur (1,476,461); Infantil desenho  (161,806); Vitória Oliveira (57,781); Erika Moreira Costa (8,476); Ka010_020 (417)"
The Devil Inside (2012),US,13,8,1705397,882031,"Horror Films 2021 (882,031); Watch Movies Now! (737,285); Urban Drama (72,892); Boxoffice | B Movies | Full Movies (8,248); Explora Games (1,522)"
God's Not Dead (2014),US,17,14,1690206,881292,"Deep C Digital (881,292); Deep C Digital (352,475); Las Buenas Nuevas Orlando (218,723); filmes e leituras (84,274); Jovani Carrillo (41,091)"
Die Welle (2008),DE,8,7,1603445,971843,"Henrique Brites (971,843); La Mirada del Polímata (454,528); SANDY MAID (76,625); Remasterfilmes (56,403); La Mirada del Polímata (35,946)"
Kilómetro 31 (2006),MX,7,7,1594528,865950,"Ulag Lere (865,950); Descargalo y vealo Gratis (582,537); ALFONSO GUZMAN BERISTAIN (96,337); jhon alex (21,497); Elías Macías (17,879)"
Die Wolke (2006),DE,12,12,1379122,625110,"Nico Plumeyer (625,110); Wiktoria Krupinska (336,209); German Hörbücher (266,856); Josef (99,156); Elfont Linnea (21,085)"
Uno al año no hace daño (2014),CO,2,2,1356169,1072827,"FREEZER CELL (1,072,827); Trailerscmz (283,342)"
Aterrados (2017),AR,16,16,1323157,699315,"spooky creepy (699,315); Alix Video (272,222); Darkmattor Movies (189,122); Peliculas De Terror (66,261); MoviefactoryIta88 (27,017)"
The Case for Christ (2017),US,12,12,1301030,431491,"ChannelC² (431,491); Iron Sharpens Iron Media (188,673); Parable - Free History Documentaries (149,534); Nina Nina (137,789); Paracletus (118,244)"
Tô Ryca (2016),BR,8,8,1297633,571115,"filmes e series (571,115); Filmes e Series (437,335); PEDRO VINNY FILMES E ENTRETENIMENTOS  (185,640); FilmesCineplay (62,386); Rafaela 26 (20,997)"
Vai que Cola: O Filme (2015),BR,1,1,1229692,1229692,"Filmes on line The Best (1,229,692)"
Grave Encounters (2011),CA,13,12,1150563,207551,"Aria (207,551); Die Geissens 2. Kanal (207,414); MOVIES ENTERTAINMENT (207,015); Gabriel Geraldo (192,850); Vincent Victorian (97,703)"
O Palhaço (2011),BR,8,8,1133472,1037123,"Boxoffice | Grandes Momentos dos Filmes (1,037,123); Cinema Mil (83,810); Máfia Filmes (11,195); Estação Aprendizarte (818); ALEATÓRIOS 💥💯 (323)"
Wish Upon (2017),US,5,5,1088520,779288,"Samuel Goldwyn Films (779,288); YMS (193,639); Shout! Studios (110,683); Romance Movie Central (2,860); We Hate Movies (2,050)"
Somos Tão Jovens (2013),BR,7,7,1078108,1000340,"Jalim Habei (1,000,340); LadyLemonade (41,721); Africa Donald (20,209); Shayla Paula (10,224); RetroBeats 80s 90s (2,907)"
Train to Busan (2016),KR,15,15,1059322,400278,"INDIA FILM (400,278); Tropa em Açao Oficial (362,005); Jack & Dan React (144,648); It's Khan g (57,606); Le Verdict du Cinéma (55,849)"
"Love, Rosie (2014)",UK,8,7,1024574,975944,"Filmes séries (975,944); Power Of Mind (25,185); Movie's Pulse (14,589); Power Of Mind (4,867); Películas Españolas (2,914)"
El Robo del Siglo (2020),AR,3,3,983433,982015,"GatoLlama (982,015); DirtBikeRider83 (1,013); Panda Cine (405)"
Good Bye Lenin (2003),DE,13,13,969710,385577,"Santiago Elias Kuc (385,577); Amber Bindra (231,446); Chileno del Sur (221,454); Waap (82,202); 인문계 대학원생 (14,718)"
Five Feet Apart (2019),US,9,9,901782,614979,"Raxxt (614,979); FREE MOVIES (250,862); Ophie Dokie (17,026); SinemaKeyfii (10,208); Ghofran fOofe (3,773)"
Loucas pra Casar (2015),BR,6,6,879457,621612,"Filmes BR (621,612); Daniel Hernandez (250,336); Thomas Gerraro (6,069); Kássia Melo (KMEL) (843); david 3 sing movie (350)"
Nueve Reinas (2000),AR,14,14,846704,477387,"Cinefórum Film (477,387); recinema (238,511); Hey Foxymophandlemama (66,304); András Halasi (45,430); TÁ LOGADO ?! (11,980)"
The Lodgers (2017),IE,10,10,845846,316971,"Film Çorbası (316,971); Movie Central (217,795); eVemovie (82,021); Disaster Zone Movies (73,919); DREAD (71,391)"
Killing Ground (2016),AU,4,4,838507,569000,"Bengali Overseas (569,000); yongyut nakyuti (131,133); silentman  (114,330); Boxoffice | HORROR | Full Movies (24,044)"
Ocho Apellidos Vascos (2014),ES,4,4,834691,829276,"eitb (829,276); astarspanish (2,854); Claudia Schneider (2,541); 스페인책방 SpainBookshop (20)"
About Time (2013),UK,15,14,826897,473184,"ThrillGore (473,184); Diggin’ K-Contents (243,059); Diggin’ K-Contents (70,244); AJ Review (16,984); Canal Carter (11,701)"
Solomon Kane (2009),UK,3,3,820523,811909,"Prime Time - MOVIES (811,909); Vuelo del Cometa (8,585); Superb_review (29)"
De Pernas pro Ar (2010),BR,21,20,793175,266991,"Bridget!!3 (266,991); Taís Fonseca (115,487); RK GAMEPLAYS (92,814); ALESSANDRA SANTOS (71,861); Acesso Filmes (63,658)"
Gnome Alone (2017),US,15,14,777434,282933,"Ronie Liguid (282,933); ┊Ꭻΐɴꫝʜᅠツ (212,115); 𝕽𝖔𝖓𝖓𝖎𝖊 𝕮𝖑𝖊𝖛𝖊𝖗 (95,995); SuperClayProductions (89,051); mobil jobs (36,693)"
Universal Soldier: Regeneration (2009),US,6,6,714482,649275,"zarah zaman (649,275); Giorgio Cerutti (56,711); Ali Explica (7,235); Crushed Celluloid (832); It's Just 2 Movies (265)"
Villaviciosa de al lado (2016),ES,3,3,698844,697434,"Blamflix (697,434); elpolloazu2 (829); Cine en Español 13 (581)"
The Taking of Deborah Logan (2014),US,7,6,676568,396713,"Elii (396,713); FilmIsNow Horror Movies (276,043); Kings of Horror (1,975); Kings of Horror (1,227); Hack or Slash (425)"
Unplanned (2019),US,5,5,666201,310502,"Frank Olmedo (310,502); Crys Arias - Canal Católico (294,419); Mahmoud Ayyad (38,623); La Cuatro - Películas Completas en Español (22,638); IRI_69 (19)"
Perfectos Desconocidos (2017),ES,3,3,665963,664913,"No Damos Crédito (Grupo de Teatro) (664,913); Peliculas Y Series (1,015); El Cepram (35)"
Marighella (2019),BR,13,13,609213,416744,"Marighella Leal (416,744); Tiago Kapp - World Television (89,036); Rondó da Liberdade (82,527); TV Fórum (8,686); Mario Kato (4,639)"
Penelope (2006),US,1,1,603449,603449,"spooky creepy (603,449)"
Ironclad (2011),UK,2,2,603313,603281,"Flix For Free (603,281); The Cash Vault (32)"
Valhalla Rising (2009),UK,8,8,597542,416173,"Cinema Tris (416,173); Harald Odinson ( YoshimitshuSVK ) (166,142); Синоби Сэмпай (6,184); review_4u (4,160); Cheynne51 (3,201)"
La Dictadura Perfecta (2014),MX,7,7,594941,324885,"RBD Movies (324,885); CineNT.com (102,174); PROFESOR CAOS 1986 (82,404); Marco Manuel Sánchez (71,554); Pelis, Caricaturas, Series & Más :3 (10,617)"
Amores Perros (2000),MX,9,8,589170,427095,"Cineandertal (427,095); Cinefórum Film (144,607); Maldito Clásico (8,561); CineSobreLaMesa (6,534); RollodePelicula (2,111)"
The Hallow (2015),IE,1,1,579484,579484,"Thug Style (579,484)"
Belzebuth (2017),MX,14,14,567416,300438,"Programas TV (300,438); ALBERT TERROR FILMS 🎬 (95,852); André Nina (45,570); Ciné fulx (41,124); Filmy Zone (30,864)"
Un Dios prohibido (2013),MX,17,17,560051,320670,"Alejandra Valadez Gdl (320,670); Augusto TorchSon (141,899); Manchita Ovejita (34,060); Vocación Misionera CMF (24,555); Historia y arte católico (10,314)"
Relatos Salvajes (2014),AR,9,9,543113,366938,"recinema (366,938); Es Cine (107,023); Kat And Jess Talk The Best (56,339); ngncomunicacion (5,361); Noboa (4,117)"
Los ojos de Julia (2010),ES,6,6,508213,279746,"Es- arábico (279,746); Martin Araujo (182,685); Buhoscinema (37,861); Cine en Casa (7,540); Sociedad Fantasmagoría (275)"
Tres metros sobre el cielo (2010),ES,4,4,505297,477306,"PeP Creations (477,306); un poco de todo (13,907); Superb_review (9,507); Mywork H (4,577)"
The Shack (2017),US,14,14,497748,195092,"Dahiana Ramos (195,092); Edwin Church (97,906); PREDATOR1978 HUN (92,435); MoviesHd (45,188); Cine gospel hd (44,322)"
Northmen: A Viking Saga (2014),CH,6,6,479867,277069,"Cine Watch | Películas de Acción (277,069); Cine Watch | El mundo del cine Soul (72,077); TodoCine Español (63,276); Oben Ayuk (55,966); Cine Watch | Películas entretenidas en español (11,388)"
El Secreto de sus Ojos (2009),AR,17,17,466970,214491,"Crítico Cítrico (214,491); Cinefórum Film (171,749); REBOBINATION (22,111); La zahurda de Jose (20,104); GoikoRol (17,129)"
Run the Race (2018),US,4,4,463784,441371,"LCCF Ministry (441,371); CinemaxBeam (12,450); Cinekorn Entertainment (8,270); Solo Peliculas Familiares (1,693)"
Ninja (2009),US,1,1,462820,462820,"Le Verdict du Cinéma (462,820)"
Bruna Surfistinha (2011),BR,7,6,455278,254546,"Prosa Guiada (254,546); [ARQUIVO] Podcast Acompanhadas (84,979); RedeTV (70,540); Que Troço é Esse? (25,437); Que Troço é Esse? (10,932)"
Letters to Juliet (2010),US,7,7,454672,239594,"tuan (239,594); vejADescrito (136,398); Eu Amo Falar (68,147); 무비영어 (7,291); Mywork H (1,631)"
Harry Brown (2009),UK,8,8,432641,232059,"Кино с шипами (232,059); КИНОХАБ (182,697); review_4u (9,181); Film Rewind (6,773); Proper Horrorshow (1,132)"
Nieve negra (2017),AR,2,2,409031,408958,"Fictional Movies (408,958); ORT Medios (73)"
Who Am I – Kein System ist sicher (2014),DE,5,5,408350,318812,"KINOBAR (318,812); Alysk Videos (63,208); Flicker_Fix (13,064); Остросюжетное (9,895); Maulana Chanel02 (3,371)"
Overcomer (2019),US,11,11,390522,196382,"  EL DIAMANTE (196,382); TOP GOSPEL (79,214); Raty Martinez (49,462); Ministerio Cristiano Presencia Divina (15,489); batistadopovo (13,632)"
Season of the Witch (2011),US,9,9,381130,159520,"Movie Central (159,520); Disaster Zone Movies (97,818); MooLer (81,455); Kings of Horror (36,128); Mediatime Network (3,361)"
Sumas y Restas (2004),CO,4,4,371186,319533,"Tomas Fernandez (319,533); Sarcasmo Puro (34,049); DEVOTIO (17,383); Festival Cinexcusa (221)"
Nada a Perder (2018),BR,5,4,348846,148061,"Ampla Filmes (148,061); Ampla Filmes (103,302); CINE FILMES🎞️ (73,356); De todo, un poco! (22,365); Cinema em Cena (1,762)"
Le Dîner de cons (1998),FR,7,7,332431,177258,"Pianko Yanis (177,258); Abracadapod (89,439); OPUS FOCUS PRODUCTIONS (27,141); Maison du Ciné (22,624); THEATRE DE GUARBECQUE (11,730)"
The Babadook (2014),AU,7,6,326200,189111,"phmp1 (189,111); derty (88,927); The Horror Bandwagon (36,041); Dizi - Film / Türkiye (10,761); Super Film Quest (500)"
Real: O Plano por Trás da História (2017),BR,3,3,326136,324382,"Pontes Capital (324,382); Anderson Keiber (1,658); Johnny7invest (96)"
Les Visiteurs (1993),FR,4,4,320849,219106,"Екатерина (219,106); NI&CO TV (101,394); Pizza Ananar (208); Secret Film Club (141)"
The Boy (2016),US,3,3,320351,315696,"EntertainmentsWorldwide  (315,696); •ø • (2,651); sadece video (2,004)"
Safe Haven (2013),US,2,2,319455,311234,"Movies Corner (311,234); Movie Glass (8,221)"
Faroeste Caboclo (2013),BR,11,10,297632,223854,"Canal CMB - Central da Música Brasileira (223,854); Sérgio Inácio Alves (64,421); Jonh (3,207); Recanto do Historiador (2,359); Maico Jackson Zuero (2,029)"
"Sexo, pudor y lágrimas (1999)",MX,5,5,289727,168436,"Cecilia Suárez - Brasil (168,436); StreamFoxIptv (103,533); La Salle Noroeste (16,655); Viajando con JUANFRAN KADOSHTV (807); Reinicio Entre Amigos (296)"
Banlieue 13 (2004),FR,4,4,282110,167354,"Track_Review (167,354); Fotograma (97,769); Studio302Productions (10,936); Dhusi Sharma Official Music 🎶  (6,051)"
Morto Não Fala (2018),BR,5,5,273010,271629,"Rec (271,629); NOTLP: Horror, Sci-Fi and Fantasy Film Discussion (932); LUDE Comunicação (211); Cineclube Cinema Brasileiro de Gênero (174); Super Amibos (64)"
The Bye Bye Man (2017),US,8,8,272421,98606,"Double Toasted (98,606); Please Stop Talking (95,979); Our Panda of Perpetual Pondue (75,400); parid (2,168); PRGAMERSPR (196)"
Verónica (2017),ES,2,2,258171,255959,"Commendable Tam (255,959); The Podcast Compels You (2,212)"
La Rafle (2010),FR,6,6,249705,199733,"História ao Quadrado (199,733); legrandseckdos (31,131); Brainstorm Media (6,412); Documentaires TV (4,923); Héritage VHS-DVD (4,870)"
Sophie Scholl – Die letzten Tage (2005),DE,11,10,248304,114292,"PELÍCULAS 5 ESTRELLAS (114,292); Matteo S. (44,106); Φροντιστήριο Γερμανικών - Τζαβέλας Αθανάσιος (25,034); Juv Florez Garcia (21,513); D3rs Videos (21,104)"
The Condemned (2007),US,3,3,242824,125124,"Korvio Hub (125,124); Cine Total Películas (113,445); Cine Quest (4,255)"
Le Prénom (2012),FR,8,8,230016,113866,"Geyrard (Le pot aux roses) (113,866); Benoit Fontaine (63,577); Colby Video Guild (43,627); Saturne HEI (2,706); Club Théâtre ESPCI Paris (2,531)"
Intouchables (2011),FR,6,6,227118,79627,"Casal Jounin (79,627); Minolo Toy TV (69,957); Maison du Ciné (60,602); João Gonçalves (12,093); Toothless Richard Productions (3,721)"
Woodlawn (2015),US,3,3,225071,193626,"FamilyTime (193,626); Shelly Simpson (28,992); Maxi Fernandez (2,453)"
Taxi (1998),FR,4,4,213676,192197,"සලරූ - Salaroo (192,197); World of Cinema (14,058); teljes filmek magyarul (6,248); The Sphinx Cinema  (1,173)"
Der Baader Meinhof Komplex (2008),DE,4,4,212278,210010,"wissenslueke (210,010); Petrus Flavius (1,546); Superb_review (506); Miranja Waniralem Snæfli (216)"
Oddball (2015),AU,2,2,199479,196975,"TakuMDQ (196,975); Cinemapedia en Español (2,504)"
Snow Dogs (2002),US,8,8,191586,154331,"Red Big'un (154,331); Spit & Polish Presents (25,453); Superb_review (8,774); Track_Review (1,594); No Such Thing As A Bad Movie (919)"
Das Leben der Anderen (2006),DE,12,12,180614,66817,"Radio Freies Europa (66,817); Cinefórum Film (63,753); EWPU (23,275); AlexSchatz (11,956); MindMatters (11,101)"
Martyrs (2008),FR,8,8,179285,125999,"☠︎︎FilmDarkHorror (125,999); ꨄshhd  (35,772); WeWatchedAMovie (11,497); The Seat Kickers (3,871); Myke97esp (2,033)"
Celda 211 (2009),ES,13,13,162253,45865,"Maria Pizzani (45,865); František Podroužek (43,801); URTIGAS CURIOSAS (38,587); GUIAS EN LA NOCHE (20,601); Os Mais Incriveis Videos (4,665)"
I Saw the Devil (2010),KR,12,12,155131,118176,"review_4u (118,176); Eu Quero Ver o Filme (20,127); Le Sens du Film (10,607); GLOBAL AUTO CARS (4,963); This Is Why You Died (404)"
Entre Abelhas (2015),BR,8,8,152514,76326,"junior (76,326); pablo lima (28,624); Filmeanimal-selvalgembe (27,548); SuPreme linkin (7,545); vion (7,308)"
The Autopsy of Jane Doe (2016),US,11,11,144247,87524,"The GrindHouse Syndicate: A Horror Movie Podcast  (87,524); Students of Horror: Movie Banter (41,660); MAXIMUS PRIME HD (12,004); HK MOVIES (1,920); CINE666 (343)"
Honig im Kopf (2014),DE,3,3,140222,124486,"Events And Fun (124,486); DFF Deutsches Filminstitut & Filmmuseum (15,373); Asra3l (363)"
Ozzy (2016),ES,3,3,133157,89198,"Zack Jessie (89,198); Eevee247 (43,951); SL FILM HUB (8)"
Oculus (2013),US,4,4,126239,84450,"Jack & Dan React (84,450); Holly FILMS (29,445); ham Arc (6,501); Movie Nest (5,843)"
Bienvenue chez les Ch'tis (2008),FR,3,3,124839,90262,"maltmsi (90,262); Maison du Ciné (33,025); Superb_review (1,552)"
Qu'est-ce qu'on a fait au Bon Dieu (2014),FR,3,3,118462,54604,"Kalgi Pandit (54,604); ye77ow (52,700); callum12366 (11,158)"
Palmeras en la nieve (2015),ES,3,2,118392,117646,"UHURU ÁFRIKA TV (117,646); Historias al diván (709); Historias al diván (37)"
Tengo ganas de ti (2012),ES,6,6,118271,108177,"siboldi 4 (108,177); review_4u (6,018); Miley L Cyrus3 (2,603); houthas fip movie (780); aiai song movie (693)"
Matando Cabos (2004),MX,12,12,115795,78043,"Osvaldo Geovanny Téllez Marino (78,043); Agustin Frausto (23,040); OMG_its_Ov3R (8,443); Cine para todos (4,165); Vero Herrera (766)"
El cuerpo (2012),ES,3,3,115653,86114,"Selam News Time (86,114); All in One (26,835); luiz cunha (2,704)"
Carancho (2010),AR,3,3,110134,104450,"Dito Zbk (104,450); ¡Archivo nostálgico! (5,566); FlixLatino (118)"
La Isla Mínima (2014),ES,5,5,104586,103891,"Peliculas S.A. (103,891); Hello Friki (504); Palomitas Dulces (157); Fila Cinco (25); La Camarilla (9)"
La Famille Bélier (2014),FR,5,5,97552,94504,"Renata Valim (94,504); Maison du Ciné (2,692); GorositoTV (169); aeneagrama (112); Grupo Educativo Interdisciplinario Sexualidad Humana y Atención a Discapacidad (75)"
Tim Maia (2014),BR,1,1,93681,93681,"Canal CMB - Central da Música Brasileira (93,681)"
REC (2007),ES,3,3,93002,72126,"Zetauri 👽 (72,126); Rec (15,647); jin (5,229)"
La Leyenda de la Llorona (2011),MX,2,2,92953,92758,"Perla y Aless (92,758); Susurros Nocturnos (195)"
The Wailing (2016),KR,2,1,91526,46525,"movies.hoodpager (46,525); movies.hoodpager (45,001)"
Nosotros los Nobles (2013),MX,5,5,87433,51009,"Metraje Gráfico (51,009); elTito (35,949); Too Funk To Stop (412); Screen Stealers (54); Exquisita Radio (9)"
Norm of the North (2016),US,5,4,78129,43760,"Бахтияр Каримов (43,760); Mediafire (17,214); BlackCriticGuy (16,588); Mediafire (459); SomeOkieDude (108)"
Spark: A Space Tail (2016),CA,3,3,77441,74854,"Shout! Studios (74,854); vitalijus moskaliovas (1,633); Olou's Media (954)"
Lola rennt (1998),DE,10,10,75242,68594,"Midnight Scientists (68,594); Wiederaufführung (2,556); Friend Request Reviews (2,152); Mike D (935); Jordán Lucero (601)"
Der Schuh des Manitu (2001),DE,3,3,71732,43664,"Music&Video (43,664); Fubeca (21,384); Nerd Herd Radio (6,684)"
Soul Surfer (2011),US,4,4,71454,48300,"JV's Galactic Adventures (48,300); DUDU MAVIG (13,209); Antic Review (9,933); Sisters Who Scene It (12)"
Undisputed II (2006),US,2,2,64896,64329,"naim izan (64,329); THE SUSPICOUS GAMER (567)"
Turma da Mônica: Lições (2021),BR,9,9,64611,45218,"Tia Carol Mello (45,218); Cinema em casa  (15,959); A TURMA  (2,431); Rede Canais Filmes HD (798); seven77 slots (175)"
Kill List (2011),UK,11,11,58153,17574,"CineCrash (17,574); Je Movie Channel (17,519); Last Free Nation Movies (11,973); HRA Entertainment (7,397); Achille Egbert (1,231)"
Eduardo e Mônica (2022),BR,6,6,55101,22371,"Alta Fidelidade (22,371); Eddie (17,924); Ka010_020 (12,778); Leitura Fílmica (1,738); Remember Foto e Filme (218)"
Centurion (2010),UK,4,4,51090,32751,"bukanaung channel (32,751); Eagle View First (10,401); Movies We Dig (7,423); OUTLAW BILL (515)"
The Man from Nowhere (2010),KR,5,5,47693,22295,"Movies block (22,295); WATCH ACTION MOVIES NOW (19,706); BLAZECORE - THE ACTION MOVIE CHANNEL (4,466); CiNENET - Full movies in English (751); Half A Clue: Movie Review Podcast (475)"
Rock Dog (2016),US,5,5,47095,42861,"AyoCrxcked-_- (42,861); JayFame (3,658); kinolebedev (428); Ennov Enab (145); Van Connor (3)"
Polícia Federal: A Lei é para Todos (2017),BR,1,1,43457,43457,"Arquivo (43,457)"
Wild Bill (2011),UK,2,2,41796,24341,"Midnight Pulp (24,341); Real Drama (17,455)"
Chalet Girl (2011),UK,3,3,39763,23372,"Claudia Grear (23,372); syahfinoakbar (16,325); Commentary Archive (66)"
Os Normais (2003),BR,3,3,39435,20054,"Patrick Sousa  (20,054); FÊNIX CANAL (18,502); HanaMari (879)"
Miracles from Heaven (2016),US,6,6,39112,27988,"MAQDIS TV (27,988); Fundación Cultural y Artística Hojarasca (6,101); REDBIBLIA (3,249); Gabriela Arias Uriburu (1,676); FemiNina por Nina Barros (82)"
Sinister (2012),US,1,1,29105,29105,"Cine Total Películas (29,105)"
Snitch (2013),US,4,4,28866,13979,"𝐃𝐇𝐀𝐑𝐌𝐄𝐍𝐃𝐑𝐀 𝐊𝐈𝐍𝐆 444 (13,979); MAQDIS TV (12,871); KnightofIsrael BlessedIsrael (1,991); 709 Meridian (25)"
Hounds of Love (2016),AU,3,3,24969,19495,"Va Movie Channel (19,495); The Movie Theater (5,458); Movies By The Letter (16)"
Carrossel: O Filme (2015),BR,3,3,24584,24495,"Price4 (24,495); Luiz Carlos Costa (84); it's rain (5)"
Der Medicus (2013),DE,2,2,23289,22623,"Esther Cardoza (22,623); Rémy Martin Louis Moretto (666)"
Breakthrough (2019),US,1,1,18459,18459,"Fotograma (18,459)"
Rosario Tijeras (2005),CO,1,1,17073,17073,"Club de crónicas (17,073)"
Attack the Block (2011),UK,2,2,17009,15623,"Film Clips Frenzy TV (15,623); Streaming Things (1,386)"
Os Saltimbancos Trapalhões: Rumo a Hollywood (2017),BR,4,4,14736,9008,"Os Trapalhões - Filmes (9,008); O Velho Projetor (4,839); gilmar sinistro (768); Zeca Constantine 22 (121)"
Das Experiment (2001),DE,3,3,14216,7448,"Cineandertal (7,448); Григорій Сергатий (6,569); Journey Through Sci-Fi (199)"
Mao's Last Dancer (2009),AU,2,2,13991,13839,"paul josh (13,839); Scoresdecine (152)"
La Odisea de los Giles (2019),AR,2,2,13767,12108,"Todos Vamos A Morir | TERMO (12,108); Jodidos Pero Contentos (1,659)"
Kokowääh (2011),DE,2,2,12529,7389,"Watch FAMILY - Фильмы для всей семьи (7,389); Petra Gebhardt (5,140)"
À l'intérieur (2007),FR,9,9,12420,9056,"Proper Horrorshow (9,056); Straight Chilling (1,095); Students of Horror: Movie Banter (864); THE BLOOD, GUTS, & PAPER CUTS PODCAST (726); Galería del Horror (482)"
Pathfinder (2007),US,2,2,11814,6488,"CelebPulseMedia (6,488); Medievalists (5,326)"
Un Novio para mi Mujer (2008),AR,4,4,11114,7312,"N0ct4mbul4 (7,312); PELIMAX (3,585); bullet (217); FlixLatino (0)"
Arctic Dogs (2019),US,3,3,10738,9268,"ACRacebest (9,268); Jim Gisriel (1,410); Wario Bros Dank Memes (60)"
"Everything, Everything (2017)",US,1,1,10708,10708,"Random Compilations (10,708)"
Marley & Me (2008),US,1,1,10090,10090,"Superb_review (10,090)"
Que Dios nos perdone (2016),ES,2,2,9326,9175,"HUERTA PRODUCTIONS TV (9,175); Vanishing Point (151)"
Brassed Off (1996),UK,3,3,9275,4756,"Take 2 (4,756); Movie Chats  (3,349); Carruthers, Leggetter & Whoever (1,170)"
No Habrá Paz para los Malvados (2011),ES,8,4,8228,5690,"Rol de los Viernes (5,690); Rol de los Viernes (1,236); Rol de los Viernes (513); TheRulo033 (328); Festival du Cinéma Espagnol de Nantes (311)"
A Hard Day (2014),KR,1,1,7554,7554,"Cristhofer_YT95IsolatedStems95 (7,554)"
Lake Mungo (2008),AU,4,4,7202,3568,"Superb_review (3,568); Kings of Horror (2,920); America's Hometown Horror (596); Rogue Media Network (118)"
Severance (2006),UK,3,3,6612,5739,"Proper Horrorshow (5,739); Video Tasties (864); Paola Bracho (9)"
The Dish (2000),AU,1,1,6149,6149,"The Outcasts Creative  (6,149)"
The Eagle (2011),UK,2,2,6028,5292,"Medievalists (5,292); Rahma Sakti (736)"
Bacurau (2019),BR,4,4,5909,3391,"BrLab (3,391); ObSessoes De Cinema (2,030); Contexto (352); Sara Wagner York (136)"
Deliver Us from Evil (2014),US,3,3,5796,3347,"Lastestmovies (3,347); FreeMovies OnlyForYou (1,643); MAD BULL TV (806)"
Layer Cake (2004),UK,6,6,5423,4852,"Track_Review (4,852); Superb_review (307); Reel Unknown (188); Sight On Screen (33); Podcast Assemble Feed (25)"
Güeros (2014),MX,6,6,5062,3752,"CINEGALEÓN (3,752); Coleccionables Podcast (585); El Podcast Sin Rostro (372); Muhabbir (164); Watcha Trucha (108)"
The Last Legion (2007),UK,2,2,4619,3756,"eVemovie (3,756); Movies We Dig (863)"
"Treintona, soltera y fantástica (2016)",MX,1,1,4170,4170,"Martirkynxtƒy (4,170)"
Rudo y Cursi (2008),MX,5,5,3834,1539,"En La Movie Podcast (1,539); Juan mmm (1,054); Eructitos Del Cine (625); San Diego Fútbol (418); Cultura Variegada (198)"
The Loved Ones (2009),AU,4,4,3065,2777,"Mee Dark Presents (2,777); Horror Cinema Obsession (118); Retro Movie Roundtable (93); Pleasers & Punishers Podcast (77)"
Mom's Night Out (2014),US,2,2,2437,2350,"Joel John (2,350); SusanL Seay (87)"
The Descent (2005),UK,2,2,1836,927,Película Secreta (927); Piano Sequenza (909)
El Crimen del Padre Amaro (2002),MX,2,2,1770,1011,"No Es Spoiler (1,011); AbookMx (759)"
Ils (2006),FR,2,1,1723,1067,"The Horror Double Bill Podcast (1,067); The Horror Double Bill Podcast (656)"
Elefante Blanco (2012),AR,3,2,1603,822,Centro Cultural Babeque (822); El elefante blanco (499); El elefante blanco (282)
El Ciudadano Ilustre (2016),AR,1,1,1540,1540,"willytube73 (1,540)"
Inside Men (2015),KR,2,2,1483,1402,"더깊이10 (1,402); Kihyung Song (81)"
Midnight Sun (2018),US,3,3,1335,859,Jonelle Monroe (859); BabaraNiven (438); Durra Uty (38)
The Last Exorcism (2010),US,1,1,1201,1201,"review_4u (1,201)"
Ya veremos (2018),MX,2,2,1158,724,AC Media TV (724); Espectro Rebelde (434)
Torrente (1998),ES,1,1,1076,1076,"Movies Stuff 2 (1,076)"
Beethoven (1992),US,3,3,888,533,Retromade Podcast (533); Revival House (303); Dorking Out Show (52)
Campeones (2018),ES,1,1,876,876,Fotograma (876)
Bend It Like Beckham (2002),UK,9,9,856,212,Totes Recall (212); PurplePeoplePodcast (179); LotusNightmare (153); Never Seen It w/Betsy & Trent (74); ThemoviesUk0 (69)
Let's Go to Prison (2006),US,1,1,796,796,review_4u (796)
Pride (2014),UK,3,3,385,317,CrosbyFilmProduction (317); Unions In The UK (59); Resonant Reels (9)
The Possession of Hannah Grace (2018),US,2,2,312,221,This Week in Film Podcast (221); Sophie Calabretto (91)
Dolphin Tale (2011),US,1,1,297,297,Alvapro2110 (297)
Machuca (2004),CL,1,1,236,236,Soy Loco por ti America Cineclube (236)
Os Dez Mandamentos: O Filme (2016),BR,1,1,178,178, Conexão com a Palavra  (178)
Red Dog (2011),AU,1,1,176,176,CINEVOX (176)
The Gallows (2015),US,1,1,128,128,Gosaa Asresa (128)
Grace Unplugged (2013),US,1,1,120,120,"RCCG Throne of Grace, Phoenix, AZ (120)"
Animal Kingdom (2010),AU,1,1,120,120,After the Credits (120)
Acts of Vengeance (2017),US,1,1,59,59,Bottom of the Stream (59)
Storm Boy (2019),AU,1,1,58,58,CineFlick (58)
Outcast (2014),US,1,1,50,50,Geek Vibes Nation (50)
The Chaser (2008),KR,1,1,38,38,A la Velocidad Absurda (38)
The Rite (2011),US,1,1,28,28,HB8DB10 (28)
The Pact (2012),US,1,1,19,19,tinman135 (19)
Leap Year (2010),US,1,1,2,2,Charles McDermott (2)
Xingu (2012),BR,0,0,0,0,
Mirreyes contra Godínez (2019),MX,0,0,0,0,
Kilómetro 31-2 (2016),MX,0,0,0,0,
Ladies' Night (2003),MX,0,0,0,0,
Hazlo como hombre (2017),MX,0,0,0,0,
El Clan (2015),AR,0,0,0,0,
Kóblic (2016),AR,1,1,0,0,FlixLatino (0)
Ocho Apellidos Catalanes (2015),ES,0,0,0,0,
Tarde para la Ira (2016),ES,0,0,0,0,
El Niño (2014),ES,0,0,0,0,
El Paseo (2010),CO,0,0,0,0,
October Baby (2011),US,0,0,0,0,
Do You Believe? (2015),US,0,0,0,0,
Flywheel (2003),US,0,0,0,0,
Indivisible (2018),US,0,0,0,0,
Felon (2008),US,0,0,0,0,
Black Death (2010),UK,0,0,0,0,
The Lucky One (2012),US,0,0,0,0,
The Best of Me (2014),US,0,0,0,0,
Dear John (2010),US,0,0,0,0,
The Decoy Bride (2011),UK,0,0,0,0,
Animal Crackers (2017),US,0,0,0,0,
Calendar Girls (2003),UK,0,0,0,0,
Paper Planes (2014),AU,0,0,0,0,
Ode to My Father (2014),KR,0,0,0,0,
Veteran (2015),KR,0,0,0,0,
The Outlaws (2017),KR,0,0,0,0,
Midnight Runners (2017),KR,0,0,0,0,
Tunnel (2016),KR,0,0,0,0,
Along with the Gods (2017),KR,0,0,0,0,
Keinohrhasen (2007),DE,0,0,0,0,
Sur la piste du Marsupilami (2012),FR,0,0,0,0,
