feature,area,priority,original,clone,notes
Сканирование штрихкода пищевого продукта,scan,must,yes,partial,"главный сценарий; камера только в нативной сборке; в вебе ручной ввод, на устройстве не проверено"
Сканирование штрихкода косметики,scan,must,yes,partial,то же
Фонарик при сканировании,scan,should,yes,partial,"только нативная сборка, не проверено на устройстве"
Оценка 0-100 для еды (60% питательность / 30% добавки / 10% органик),scoring,must,yes,partial,"формула из публичных статей; пороги неизвестны; формула своя, пороги питательности упрощены"
Цветовая шкала зелёный/жёлтый/оранжевый/красный,scoring,must,yes,yes,
Потолок оценки 49 при добавке с риском,scoring,must,yes,yes,
Оценка косметики по риску каждого ингредиента,scoring,must,yes,partial,без учёта эффективности и количества; упрощённо: по худшему ингредиенту
Карточка продукта: питательность и добавки с пояснениями,product,must,yes,yes,
Альтернативы с лучшей оценкой для плохих продуктов,product,must,yes,yes,
История сканирований,history,must,yes,yes,вкладка History
Избранное,history,should,yes,yes,вкладка Favorites
Добавление продукта пользователем (фото упаковки/состава/таблицы),contribute,must,yes,partial,продукта нет в базе; ввод вручную; фото и OCR позже (backend)
