film,country,copies,channels,total_views,max_views,top_uploaders
Five Nights at Freddy's (2023),US,11,11,36599639,14090434,"Secret4Studio (14,090,434); Jazzghost (9,500,224); Lipse (9,450,008); Daneiac Films (1,584,480); SLUURP (941,903)"
Mufasa: The Lion King (2024),US,10,10,14217631,12706891,"Superhero FXL Games (12,706,891); Echoes of the Unseen (1,049,970); Wakas Critica (198,812); Desenhos animados  (173,220); PlotCrunch (54,011)"
Kraven the Hunter (2024),US,3,3,10509614,9426167,"FullHDvideos4me (9,426,167); SanjuZ1-YT (833,769); FILMY SHOP (249,678)"
Fight or Flight (2025),US,3,3,7982453,7967059,"Uche Montana TV (7,967,059); A.J Thebo (10,506); NOLLYTRENDS TV (4,888)"
Weapons (2025),US,5,4,5200630,5034045,"Joy Drama (5,034,045); UGA MOVIES (114,924); TheBossM7 (39,084); Joy Drama (6,297); SombraBR (6,280)"
Sound of Freedom (2023),US,6,6,4579123,4089396,"MovieSphere Full Movies (4,089,396); Boxoffice | DRAMA | Full Movies (416,336); MAQDIS TV (40,566); SOUND OF FREEDOM Jim Caviezel MOVIES (24,082); Dream Life Movies (5,982)"
Sketch (2025),US,3,3,3811381,3739155,"2000s Ki Filmein (3,739,155); BiiR Cinema (72,128); John Newton SciFi (98)"
Evil Dead Rise (2023),US,8,8,3284969,2271844,"NISHWA TALIB CREAT LOGO AND VIDEO (2,271,844); أشباح المتشابه (500,307); John Travel (440,254); Too Late (33,723); HOLLYWOOD_MOVIES_GLOBAL (16,282)"
Sinners (2025),US,1,1,1433872,1433872,"FilmFusionHub (1,433,872)"
Longlegs (2024),US,4,4,1135198,499210,"Natalia Grecco (499,210); Boxoffice | 4K Full Movies (498,198); Dwainosaur (90,904); MovieCrab (46,886)"
The Pope's Exorcist (2023),US,1,1,968895,968895,"LUCIDEZ (968,895)"
The Beekeeper (2024),US,4,4,759775,744987,"kSIL Pelicula (744,987); RBB (6,859); Filmes Todo Dia (6,525); Явления природы / Natural phenomena (1,404)"
David (2025),US,1,1,653445,653445,"Deep Dive Discipleship (653,445)"
Sight (2024),US,3,3,587622,574675,"AS2B Studios (574,675); Movies And Films Galore (12,854); Charline Reynolds (93)"
The Idea of You (2024),US,4,4,400537,369052,"Epic Film Journey (369,052); The Idea of You [Drama, Romance (21,324); Full Movies in English HD (9,819); Wakas Critica (342)"
Road House (2024),US,4,4,374182,228805,"SK Eater cat  (228,805); Reel Mechanics (92,957); BUSCAPE GG (41,942); Pemudah Rahaswiah (10,478)"
Terrifier 2 (2022),US,1,1,371033,371033,"grimmlifecollective (371,033)"
Saw X (2023),US,1,1,349379,349379,"Reel Rejects (349,379)"
Oddity (2024),IE,2,2,317197,317196,"CineRush (317,196); thefeems (1)"
Night Swim (2024),US,5,5,293301,280820,"TOP MOVIES  (280,820); Movies only (11,287); acab4826 (1,111); LET'S SCREAM (43); 17AngelDiNy17 (40)"
Together (2025),AU,1,1,292382,292382,"Pelixo (292,382)"
Jules (2023),US,3,3,274428,267841,"Andrea (267,841); Andreas Stöckli (4,120); MAQDIS TV (2,467)"
Thanksgiving (2023),US,4,4,234033,158290,"Filmyflix Hindi Movies (158,290); 𓇢𓆸 𝑺𝒖𝒎𝒎𝒆𝒓 𓇢𓆸 (69,436); Pint-Sized Terror (4,589); jessica (1,718)"
Speak No Evil (2024),US,3,3,193513,166922,"Malli  (166,922); remix move explan (19,647); Glitter Glam Girl (6,944)"
Saltburn (2023),UK,3,3,192867,131147,"Jack & Dan React (131,147); Reel Rejects and Tara Erickson (59,792); The Positive Peach (1,928)"
Smile 2 (2024),US,2,2,166393,84211,"Onlyclip  (84,211); Everyday Negroes and Adison Hardyway (82,182)"
Scream VI (2023),US,2,2,162082,162010,"Zack Cherry (162,010); Elena Melamed (72)"
The Accountant 2 (2025),US,5,5,113208,46376,"Sci-Fi Movies (46,376); Monster Luck Hollywood (23,780); CartWork (21,921); Bangla Channal (18,251); Filmy Frenzy 24 (2,880)"
Companion (2025),US,2,2,106626,106572,"Reel Rejects (106,572); Amy★kit★channel4587 (54)"
Terrifier 3 (2024),US,3,3,95829,82224,"The Horror Bandwagon (82,224); LIRALANDIA 2.0 and LIRALANDIA (10,703); Mywork H (2,902)"
Twisters (2024),US,3,3,93739,89244,"CiNENET México - Películas en español and 2 more (89,244); The Film Buffet (3,974); Megapixels Films (521)"
Insidious: The Red Door (2023),US,5,5,84639,68915,"Jack & Dan React (68,915); Jeritan Dalam Kesunyian (JES) (10,968); Porjakk (4,078); Scene Boltz (489); AY Gamer (189)"
Dream Scenario (2023),US,2,2,68368,68306,"Boxoffice | DRAMA | Full Movies (68,306); Off Radar : It's a movie podcast (62)"
Bottoms (2023),US,1,1,54655,54655,"David (54,655)"
There's Something Wrong with the Children (2023),US,1,1,48180,48180,"CH81 Cinematics (48,180)"
Den of Thieves 2: Pantera (2025),US,3,3,43341,40329,"Monster Luck Hollywood (40,329); HD Movies (2,967); Podcast 43 (45)"
Strange Darling (2024),US,2,2,42721,24318,"Reel Rejects (24,318); CINE OCULTO (18,403)"
The Amateur (2025),US,2,2,39406,36970,"Chung Chung (36,970); QuMan (2,436)"
In a Violent Nature (2024),CA,3,3,34263,27959,"Cine Libre (27,959); @mixactionmovie (6,269);  M.K EXPLAIN  (35)"
The Shift (2023),US,1,1,33111,33111,"Trandeng Moviz (33,111)"
It Lives Inside (2023),US,2,2,28263,26917,"Watch Movies Now! (26,917); NetMovies - Free Movies (1,346)"
The Covenant (2023),US,1,1,26074,26074,"Adik (26,074)"
Past Lives (2023),US,3,3,23726,14033,"Nai Jaya (14,033); Cinefórum Film (6,972); wimilart (2,721)"
Black Bag (2025),UK,5,5,19610,13609,"World Football  (13,609); Open Film (3,206); Osama Khan (2,520); Micro (266); Fun Channel 😜 (9)"
"Are You There God? It's Me, Margaret (2023)",US,2,2,19423,19285,"MEET FT GAMING  (19,285); ShesNachoMama  (138)"
A Working Man (2025),US,1,1,16620,16620,"J VIBES MOVIE (16,620)"
Final Destination Bloodlines (2025),US,1,1,13353,13353,"World Wide Chronicles (13,353)"
Cobweb (2023),US,1,1,13098,13098,"Henrique Couto (13,098)"
28 Years Later (2025),UK,1,1,12696,12696,"Hollywood King cinema (12,696)"
Monkey Man (2024),US,2,2,9148,5363,"Hindi Dubbed Movies (5,363); Blockbuster Cinema (3,785)"
His Only Son (2023),US,1,1,8746,8746,"open heaven reflection (8,746)"
The First Omen (2024),US,4,2,8597,6051,"The First Omen (6,051); The First Omen película (1,772); The First Omen película (720); The First Omen película (54)"
The Life of Chuck (2025),US,3,3,6617,6505,"Bolly Star (6,505); BanterFlix: Movie Reviews With a Norn Irish Accent (59); Obsessive Viewer Podcasts (53)"
Cuckoo (2024),DE,3,3,3416,2635,"Carlitos Mercy (2,635); MOVIES EXPLAINED MS (720); Kill By Kill Podcast (61)"
Abigail (2024),US,1,1,2784,2784,"Fotograma (2,784)"
Sympathy for the Devil (2023),US,2,2,2464,2462,"YMS Watch-Alongs (2,462); Brittany Green (2)"
Novocaine (2025),US,1,1,2382,2382,"Benjaballah Amine (2,382)"
The Exorcist: Believer (2023),US,1,1,2284,2284,"sai (2,284)"
The Fall Guy (2024),US,3,3,2011,1515,"Joy Kevin (1,515); The Fall Guy Full MovieEnglish (286); Upmovie TV (210)"
Totally Killer (2023),US,1,1,1836,1836,"Everytime Mashup (1,836)"
The Holdovers (2023),US,6,6,950,472,Conor Hough (472); DaTimmel (318); Nai Jaya (72); cindy johnson (56); Marley Loves Movies (16)
Jesus Revolution (2023),US,2,2,871,436,Behind the Clapperboard (436); DudefuseTIB (435)
The Monkey (2025),US,2,2,867,458,Joshua Doucette (458); H4u Hub (409)
Sound of Hope: The Story of Possum Trot (2024),US,1,1,837,837,A Hora do Versículo (837)
Mercy Road (2023),US,1,1,829,829,fares (829)
Babes (2024),US,1,1,682,682,OSSYKINGTV (682)
Nonnas (2025),US,1,1,633,633,Cinema Realities (633)
Late Night with the Devil (2023),AU,4,4,609,457,"PELIS DaNyBoY  (457); Ryan Nijakowski (120); All Guts, So Gory (24); Harry Nichols (8)"
Warfare (2025),US,1,1,586,586,Rede Do Cinema (586)
It Ends with Us (2024),US,1,1,496,496,Challenges (496)
Arcadian (2024),US,1,1,438,438,Film flix (438)
Humane (2024),CA,3,3,392,373,Proper Horrorshow (373); We Watch Shudder (10); Cursed Rainbow Ship (9)
Screamboat (2025),US,2,2,306,284,Super Sick Cinema (284); Spoiler Sleepover (22)
Bambi: The Reckoning (2025),UK,3,2,249,214,"MovieTalkPlus (214); The Head, The Tail, The Whole Damn Thing (25); The Head, The Tail, The Whole Damn Thing (10)"
Hell House LLC Origins (2023),US,2,2,126,80,Casual Obsession (80); Scare Value Channel (46)
Suitable Flesh (2023),US,1,1,121,121,Halloween is Forever Podcast (121)
Brooklyn 45 (2023),US,1,1,112,112,Straight Chilling (112)
The Firing Squad (2024),US,1,1,110,110,Boys' Bible Study (110)
Wolf Man (2025),US,1,1,105,105,MS Industry  (105)
Peter Pan's Neverland Nightmare (2025),UK,1,1,86,86,MovieTalkPlus (86)
Heart Eyes (2025),US,2,2,76,62,PELC FILMES  (62); SHRAvity (14)
MaXXXine (2024),US,1,1,69,69,Last Night Productions (69)
Stopmotion (2023),UK,2,2,58,53,Horror Hour with the Hanna's (53); Harry Nichols (5)
Imaginary (2024),US,1,1,35,35,Stephen Radford (35)
Journey to Bethlehem (2023),US,1,1,33,33,The Goods: A Film Podcast (33)
Bonhoeffer (2024),US,1,1,20,20,David Views Movie Journals (20)
Winnie-the-Pooh: Blood and Honey (2023),UK,1,1,12,12,W-Rated (12)
Fingernails (2023),US,1,1,12,12,Movies & Us Podcast (12)
Lisa Frankenstein (2024),US,1,1,8,8,Scare Value Channel (8)
Talk to Me (2023),AU,1,1,0,0,J. Silva (GoonSynyster) (0)
